target,fn,inf_all,inf_stack,inf_WC,inf_nWC,sns_WC,ppv_WC,sns_nWC,ppv_nWC
5V16.pdb.outCR,1XHP_100.pdb.outCR,0.393,0.554,0.000,0.000,0.000,0.000,0.000,0.000
5V16.pdb.outCR,1XHP_31.pdb.outCR,0.393,0.563,0.000,0.000,0.000,0.000,0.000,0.000
5V16.pdb.outCR,1XHP_20.pdb.outCR,0.403,0.582,0.000,0.000,0.000,0.000,0.000,0.000
5V16.pdb.outCR,1XHP_17.pdb.outCR,0.386,0.552,0.000,0.000,0.000,0.000,0.000,0.000
5V16.pdb.outCR,1XHP_13.pdb.outCR,0.410,0.583,0.000,0.000,0.000,0.000,0.000,0.000
5V16.pdb.outCR,1XHP_28.pdb.outCR,0.398,0.572,0.000,0.000,0.000,0.000,0.000,0.000
5V16.pdb.outCR,1XHP_24.pdb.outCR,0.413,0.593,0.000,0.000,0.000,0.000,0.000,0.000
5V16.pdb.outCR,1XHP_35.pdb.outCR,0.389,0.554,0.000,0.000,0.000,0.000,0.000,0.000
5V16.pdb.outCR,1XHP_10.pdb.outCR,0.398,0.572,0.000,0.000,0.000,0.000,0.000,0.000
5V16.pdb.outCR,1XHP_25.pdb.outCR,0.408,0.582,0.000,0.000,0.000,0.000,0.000,0.000
5V16.pdb.outCR,1XHP_21.pdb.outCR,0.410,0.574,0.000,0.000,0.000,0.000,0.000,0.000
5V16.pdb.outCR,1XHP_14.pdb.outCR,0.403,0.582,0.000,0.000,0.000,0.000,0.000,0.000
5V16.pdb.outCR,1XHP_32.pdb.outCR,0.403,0.572,0.000,0.000,0.000,0.000,0.000,0.000
5V16.pdb.outCR,1XHP_29.pdb.outCR,0.414,0.592,0.000,0.000,0.000,0.000,0.000,0.000
5V16.pdb.outCR,1XHP_18.pdb.outCR,0.403,0.582,0.000,0.000,0.000,0.000,0.000,0.000
5V16.pdb.outCR,1XHP_36.pdb.outCR,0.393,0.554,0.000,0.000,0.000,0.000,0.000,0.000
5V16.pdb.outCR,1XHP_26.pdb.outCR,0.419,0.602,0.000,0.000,0.000,0.000,0.000,0.000
5V16.pdb.outCR,1XHP_11.pdb.outCR,0.429,0.592,0.000,0.000,0.000,0.000,0.000,0.000
5V16.pdb.outCR,1XHP_22.pdb.outCR,0.419,0.583,0.000,0.000,0.000,0.000,0.000,0.000
5V16.pdb.outCR,1XHP_15.pdb.outCR,0.403,0.582,0.000,0.000,0.000,0.000,0.000,0.000
5V16.pdb.outCR,1XHP_33.pdb.outCR,0.398,0.563,0.000,0.000,0.000,0.000,0.000,0.000
5V16.pdb.outCR,1XHP_2.pdb.outCR,0.389,0.545,0.000,0.000,0.000,0.000,0.000,0.000
5V16.pdb.outCR,1XHP_19.pdb.outCR,0.414,0.592,0.000,0.000,0.000,0.000,0.000,0.000
5V16.pdb.outCR,1XHP_37.pdb.outCR,0.413,0.582,0.000,0.000,0.000,0.000,0.000,0.000
5V16.pdb.outCR,1XHP_27.pdb.outCR,0.419,0.592,0.000,0.000,0.000,0.000,0.000,0.000
5V16.pdb.outCR,1XHP_12.pdb.outCR,0.414,0.592,0.000,0.000,0.000,0.000,0.000,0.000
5V16.pdb.outCR,1XHP_23.pdb.outCR,0.408,0.582,0.000,0.000,0.000,0.000,0.000,0.000
5V16.pdb.outCR,1XHP_30.pdb.outCR,0.410,0.583,0.000,0.000,0.000,0.000,0.000,0.000
5V16.pdb.outCR,1XHP_34.pdb.outCR,0.414,0.592,0.000,0.000,0.000,0.000,0.000,0.000
5V16.pdb.outCR,1XHP_16.pdb.outCR,0.408,0.582,0.000,0.000,0.000,0.000,0.000,0.000
5V16.pdb.outCR,1XHP_1.pdb.outCR,0.419,0.602,0.000,0.000,0.000,0.000,0.000,0.000
5V16.pdb.outCR,1XHP_38.pdb.outCR,0.403,0.563,0.000,0.000,0.000,0.000,0.000,0.000
5V16.pdb.outCR,1XHP_39.pdb.outCR,0.408,0.582,0.000,0.000,0.000,0.000,0.000,0.000
5V16.pdb.outCR,1XHP_42.pdb.outCR,0.408,0.593,0.000,0.000,0.000,0.000,0.000,0.000
5V16.pdb.outCR,1XHP_46.pdb.outCR,0.398,0.572,0.000,0.000,0.000,0.000,0.000,0.000
5V16.pdb.outCR,1XHP_4.pdb.outCR,0.393,0.554,0.000,0.000,0.000,0.000,0.000,0.000
5V16.pdb.outCR,1XHP_53.pdb.outCR,0.414,0.592,0.000,0.000,0.000,0.000,0.000,0.000
5V16.pdb.outCR,1XHP_57.pdb.outCR,0.393,0.554,0.000,0.000,0.000,0.000,0.000,0.000
5V16.pdb.outCR,1XHP_60.pdb.outCR,0.410,0.583,0.000,0.000,0.000,0.000,0.000,0.000
5V16.pdb.outCR,1XHP_64.pdb.outCR,0.403,0.582,0.000,0.000,0.000,0.000,0.000,0.000
5V16.pdb.outCR,1XHP_3.pdb.outCR,0.398,0.572,0.000,0.000,0.000,0.000,0.000,0.000
5V16.pdb.outCR,1XHP_43.pdb.outCR,0.403,0.572,0.000,0.000,0.000,0.000,0.000,0.000
5V16.pdb.outCR,1XHP_47.pdb.outCR,0.398,0.572,0.000,0.000,0.000,0.000,0.000,0.000
5V16.pdb.outCR,1XHP_50.pdb.outCR,0.408,0.582,0.000,0.000,0.000,0.000,0.000,0.000
5V16.pdb.outCR,1XHP_54.pdb.outCR,0.398,0.572,0.000,0.000,0.000,0.000,0.000,0.000
5V16.pdb.outCR,1XHP_58.pdb.outCR,0.393,0.554,0.000,0.000,0.000,0.000,0.000,0.000
5V16.pdb.outCR,1XHP_61.pdb.outCR,0.414,0.592,0.000,0.000,0.000,0.000,0.000,0.000
5V16.pdb.outCR,1XHP_65.pdb.outCR,0.398,0.563,0.000,0.000,0.000,0.000,0.000,0.000
5V16.pdb.outCR,1XHP_40.pdb.outCR,0.410,0.583,0.000,0.000,0.000,0.000,0.000,0.000
5V16.pdb.outCR,1XHP_44.pdb.outCR,0.403,0.582,0.000,0.000,0.000,0.000,0.000,0.000
5V16.pdb.outCR,1XHP_48.pdb.outCR,0.401,0.565,0.000,0.000,0.000,0.000,0.000,0.000
5V16.pdb.outCR,1XHP_51.pdb.outCR,0.410,0.583,0.000,0.000,0.000,0.000,0.000,0.000
5V16.pdb.outCR,1XHP_55.pdb.outCR,0.408,0.582,0.000,0.000,0.000,0.000,0.000,0.000
5V16.pdb.outCR,1XHP_59.pdb.outCR,0.360,0.512,0.000,0.000,0.000,0.000,0.000,0.000
5V16.pdb.outCR,1XHP_62.pdb.outCR,0.408,0.593,0.000,0.000,0.000,0.000,0.000,0.000
5V16.pdb.outCR,1XHP_66.pdb.outCR,0.403,0.582,0.000,0.000,0.000,0.000,0.000,0.000
5V16.pdb.outCR,1XHP_41.pdb.outCR,0.408,0.593,0.000,0.000,0.000,0.000,0.000,0.000
5V16.pdb.outCR,1XHP_45.pdb.outCR,0.403,0.582,0.000,0.000,0.000,0.000,0.000,0.000
5V16.pdb.outCR,1XHP_52.pdb.outCR,0.398,0.563,0.000,0.000,0.000,0.000,0.000,0.000
5V16.pdb.outCR,1XHP_49.pdb.outCR,0.403,0.582,0.000,0.000,0.000,0.000,0.000,0.000
5V16.pdb.outCR,1XHP_56.pdb.outCR,0.398,0.572,0.000,0.000,0.000,0.000,0.000,0.000
5V16.pdb.outCR,1XHP_5.pdb.outCR,0.403,0.582,0.000,0.000,0.000,0.000,0.000,0.000
5V16.pdb.outCR,1XHP_63.pdb.outCR,0.403,0.582,0.000,0.000,0.000,0.000,0.000,0.000
5V16.pdb.outCR,1XHP_67.pdb.outCR,0.398,0.572,0.000,0.000,0.000,0.000,0.000,0.000
5V16.pdb.outCR,1XHP_68.pdb.outCR,0.419,0.602,0.000,0.000,0.000,0.000,0.000,0.000
5V16.pdb.outCR,1XHP_71.pdb.outCR,0.386,0.552,0.000,0.000,0.000,0.000,0.000,0.000
5V16.pdb.outCR,1XHP_79.pdb.outCR,0.414,0.592,0.000,0.000,0.000,0.000,0.000,0.000
5V16.pdb.outCR,1XHP_75.pdb.outCR,0.403,0.582,0.000,0.000,0.000,0.000,0.000,0.000
5V16.pdb.outCR,1XHP_82.pdb.outCR,0.403,0.582,0.000,0.000,0.000,0.000,0.000,0.000
5V16.pdb.outCR,1XHP_86.pdb.outCR,0.408,0.593,0.000,0.000,0.000,0.000,0.000,0.000
5V16.pdb.outCR,1XHP_8.pdb.outCR,0.403,0.582,0.000,0.000,0.000,0.000,0.000,0.000
5V16.pdb.outCR,1XHP_93.pdb.outCR,0.414,0.592,0.000,0.000,0.000,0.000,0.000,0.000
5V16.pdb.outCR,1XHP_69.pdb.outCR,0.398,0.563,0.000,0.000,0.000,0.000,0.000,0.000
5V16.pdb.outCR,1XHP_72.pdb.outCR,0.403,0.572,0.000,0.000,0.000,0.000,0.000,0.000
5V16.pdb.outCR,1XHP_7.pdb.outCR,0.410,0.583,0.000,0.000,0.000,0.000,0.000,0.000
5V16.pdb.outCR,1XHP_76.pdb.outCR,0.405,0.574,0.000,0.000,0.000,0.000,0.000,0.000
5V16.pdb.outCR,1XHP_83.pdb.outCR,0.403,0.582,0.000,0.000,0.000,0.000,0.000,0.000
5V16.pdb.outCR,1XHP_87.pdb.outCR,0.419,0.602,0.000,0.000,0.000,0.000,0.000,0.000
5V16.pdb.outCR,1XHP_90.pdb.outCR,0.408,0.593,0.000,0.000,0.000,0.000,0.000,0.000
5V16.pdb.outCR,1XHP_94.pdb.outCR,0.405,0.574,0.000,0.000,0.000,0.000,0.000,0.000
5V16.pdb.outCR,1XHP_6.pdb.outCR,0.403,0.582,0.000,0.000,0.000,0.000,0.000,0.000
5V16.pdb.outCR,1XHP_73.pdb.outCR,0.391,0.552,0.000,0.000,0.000,0.000,0.000,0.000
5V16.pdb.outCR,1XHP_80.pdb.outCR,0.398,0.563,0.000,0.000,0.000,0.000,0.000,0.000
5V16.pdb.outCR,1XHP_77.pdb.outCR,0.424,0.613,0.000,0.000,0.000,0.000,0.000,0.000
5V16.pdb.outCR,1XHP_84.pdb.outCR,0.403,0.572,0.000,0.000,0.000,0.000,0.000,0.000
5V16.pdb.outCR,1XHP_88.pdb.outCR,0.398,0.572,0.000,0.000,0.000,0.000,0.000,0.000
5V16.pdb.outCR,1XHP_91.pdb.outCR,0.408,0.593,0.000,0.000,0.000,0.000,0.000,0.000
5V16.pdb.outCR,1XHP_95.pdb.outCR,0.419,0.602,0.000,0.000,0.000,0.000,0.000,0.000
5V16.pdb.outCR,1XHP_70.pdb.outCR,0.403,0.582,0.000,0.000,0.000,0.000,0.000,0.000
5V16.pdb.outCR,1XHP_74.pdb.outCR,0.403,0.582,0.000,0.000,0.000,0.000,0.000,0.000
5V16.pdb.outCR,1XHP_81.pdb.outCR,0.408,0.593,0.000,0.000,0.000,0.000,0.000,0.000
5V16.pdb.outCR,1XHP_78.pdb.outCR,0.382,0.542,0.000,0.000,0.000,0.000,0.000,0.000
5V16.pdb.outCR,1XHP_85.pdb.outCR,0.398,0.572,0.000,0.000,0.000,0.000,0.000,0.000
5V16.pdb.outCR,1XHP_89.pdb.outCR,0.398,0.572,0.000,0.000,0.000,0.000,0.000,0.000
5V16.pdb.outCR,1XHP_92.pdb.outCR,0.403,0.572,0.000,0.000,0.000,0.000,0.000,0.000
5V16.pdb.outCR,1XHP_96.pdb.outCR,0.410,0.583,0.000,0.000,0.000,0.000,0.000,0.000
5V16.pdb.outCR,1XHP_97.pdb.outCR,0.403,0.582,0.000,0.000,0.000,0.000,0.000,0.000
5V16.pdb.outCR,1XHP_98.pdb.outCR,0.424,0.613,0.000,0.000,0.000,0.000,0.000,0.000
5V16.pdb.outCR,1XHP_99.pdb.outCR,0.408,0.593,0.000,0.000,0.000,0.000,0.000,0.000
5V16.pdb.outCR,1XHP_9.pdb.outCR,0.419,0.592,0.000,0.000,0.000,0.000,0.000,0.000
